IP Address,Status,Timestamp
192.168.1.1,Down,2026-06-06 18:24:55
192.168.1.2,Down,2026-06-06 18:24:58
192.168.1.3,Down,2026-06-06 18:25:01
192.168.1.4,Down,2026-06-06 18:25:04
192.168.1.5,Down,2026-06-06 18:25:07
192.168.1.6,Down,2026-06-06 18:25:10
192.168.1.7,Down,2026-06-06 18:25:13
192.168.1.8,Down,2026-06-06 18:25:16
192.168.1.9,Down,2026-06-06 18:25:19
192.168.1.10,Down,2026-06-06 18:25:22
192.168.1.11,Down,2026-06-06 18:25:26
192.168.1.12,Down,2026-06-06 18:25:29
192.168.1.13,Down,2026-06-06 18:25:32
192.168.1.14,Down,2026-06-06 18:25:35
192.168.1.15,Down,2026-06-06 18:25:38
192.168.1.16,Down,2026-06-06 18:25:41
192.168.1.17,Down,2026-06-06 18:25:44
192.168.1.18,Down,2026-06-06 18:25:47
192.168.1.19,Down,2026-06-06 18:25:50
192.168.1.20,Down,2026-06-06 18:25:53
192.168.1.21,Down,2026-06-06 18:25:56
192.168.1.22,Down,2026-06-06 18:25:59
192.168.1.23,Down,2026-06-06 18:26:02
192.168.1.24,Down,2026-06-06 18:26:05
192.168.1.25,Down,2026-06-06 18:26:09
192.168.1.26,Down,2026-06-06 18:26:12
192.168.1.27,Down,2026-06-06 18:26:15
192.168.1.28,Down,2026-06-06 18:26:18
192.168.1.29,Down,2026-06-06 18:26:21
192.168.1.30,Down,2026-06-06 18:26:24
192.168.1.31,Down,2026-06-06 18:26:27
192.168.1.32,Down,2026-06-06 18:26:30
192.168.1.33,Down,2026-06-06 18:26:33
192.168.1.34,Down,2026-06-06 18:26:36
192.168.1.35,Down,2026-06-06 18:26:39
192.168.1.36,Down,2026-06-06 18:26:42
192.168.1.37,Down,2026-06-06 18:26:45
192.168.1.38,Down,2026-06-06 18:26:48
192.168.1.39,Down,2026-06-06 18:26:52
192.168.1.40,Down,2026-06-06 18:26:55
192.168.1.41,Down,2026-06-06 18:26:58
192.168.1.42,Down,2026-06-06 18:27:01
192.168.1.43,Down,2026-06-06 18:27:04
192.168.1.44,Down,2026-06-06 18:27:07
192.168.1.45,Down,2026-06-06 18:27:10
192.168.1.46,Down,2026-06-06 18:27:13
192.168.1.47,Down,2026-06-06 18:27:16
192.168.1.48,Down,2026-06-06 18:27:19
192.168.1.49,Down,2026-06-06 18:27:22
192.168.1.50,Down,2026-06-06 18:27:25
192.168.1.51,Down,2026-06-06 18:27:28
192.168.1.52,Down,2026-06-06 18:27:31
192.168.1.53,Down,2026-06-06 18:27:35
192.168.1.54,Down,2026-06-06 18:27:38
192.168.1.55,Down,2026-06-06 18:27:41
192.168.1.56,Down,2026-06-06 18:27:44
192.168.1.57,Down,2026-06-06 18:27:47
192.168.1.58,Down,2026-06-06 18:27:50
192.168.1.59,Down,2026-06-06 18:27:53
192.168.1.60,Down,2026-06-06 18:27:56
192.168.1.61,Down,2026-06-06 18:27:59
192.168.1.62,Down,2026-06-06 18:28:02
192.168.1.63,Down,2026-06-06 18:28:05
192.168.1.64,Down,2026-06-06 18:28:08
192.168.1.65,Down,2026-06-06 18:28:11
192.168.1.66,Down,2026-06-06 18:28:14
192.168.1.67,Down,2026-06-06 18:28:18
192.168.1.68,Down,2026-06-06 18:28:21
192.168.1.69,Down,2026-06-06 18:28:24
192.168.1.70,Down,2026-06-06 18:28:27
192.168.1.71,Down,2026-06-06 18:28:30
192.168.1.72,Down,2026-06-06 18:28:33
192.168.1.73,Down,2026-06-06 18:28:36
192.168.1.74,Down,2026-06-06 18:28:39
192.168.1.75,Down,2026-06-06 18:28:42
192.168.1.76,Down,2026-06-06 18:28:45
192.168.1.77,Down,2026-06-06 18:28:48
192.168.1.78,Down,2026-06-06 18:28:51
192.168.1.79,Down,2026-06-06 18:28:54
192.168.1.80,Down,2026-06-06 18:28:57
192.168.1.81,Down,2026-06-06 18:29:01
192.168.1.82,Down,2026-06-06 18:29:04
192.168.1.83,Down,2026-06-06 18:29:07
192.168.1.84,Down,2026-06-06 18:29:10
192.168.1.85,Down,2026-06-06 18:29:13
192.168.1.86,Down,2026-06-06 18:29:16
192.168.1.87,Down,2026-06-06 18:29:19
192.168.1.88,Down,2026-06-06 18:29:22
192.168.1.89,Down,2026-06-06 18:29:25
192.168.1.90,Down,2026-06-06 18:29:28
192.168.1.91,Down,2026-06-06 18:29:31
192.168.1.92,Down,2026-06-06 18:29:34
192.168.1.93,Down,2026-06-06 18:29:37
192.168.1.94,Down,2026-06-06 18:29:40
192.168.1.95,Down,2026-06-06 18:29:44
192.168.1.96,Down,2026-06-06 18:29:47
192.168.1.97,Down,2026-06-06 18:29:50
192.168.1.98,Down,2026-06-06 18:29:53
192.168.1.99,Down,2026-06-06 18:29:56
192.168.1.100,Down,2026-06-06 18:29:59
192.168.1.101,Down,2026-06-06 18:30:02
192.168.1.102,Down,2026-06-06 18:30:05
192.168.1.103,Down,2026-06-06 18:30:08
192.168.1.104,Down,2026-06-06 18:30:11
192.168.1.105,Down,2026-06-06 18:30:14
192.168.1.106,Down,2026-06-06 18:30:17
192.168.1.107,Down,2026-06-06 18:30:20
192.168.1.108,Down,2026-06-06 18:30:23
192.168.1.109,Down,2026-06-06 18:30:27
192.168.1.110,Down,2026-06-06 18:30:30
192.168.1.111,Down,2026-06-06 18:30:33
192.168.1.112,Down,2026-06-06 18:30:36
192.168.1.113,Down,2026-06-06 18:30:39
192.168.1.114,Down,2026-06-06 18:30:42
192.168.1.115,Down,2026-06-06 18:30:45
192.168.1.116,Up,2026-06-06 18:30:46
192.168.1.117,Down,2026-06-06 18:30:49
192.168.1.118,Down,2026-06-06 18:30:52
192.168.1.119,Down,2026-06-06 18:30:55
192.168.1.120,Down,2026-06-06 18:30:58
192.168.1.121,Down,2026-06-06 18:31:01
192.168.1.122,Down,2026-06-06 18:31:04
192.168.1.123,Down,2026-06-06 18:31:07
192.168.1.124,Up,2026-06-06 18:31:08
192.168.1.125,Down,2026-06-06 18:31:11
192.168.1.126,Down,2026-06-06 18:31:14
192.168.1.127,Down,2026-06-06 18:31:17
192.168.1.128,Down,2026-06-06 18:31:20
192.168.1.129,Down,2026-06-06 18:31:23
192.168.1.130,Down,2026-06-06 18:31:26
192.168.1.131,Down,2026-06-06 18:31:29
192.168.1.132,Down,2026-06-06 18:31:32
192.168.1.133,Down,2026-06-06 18:31:35
192.168.1.134,Down,2026-06-06 18:31:38
192.168.1.135,Down,2026-06-06 18:31:42
192.168.1.136,Down,2026-06-06 18:31:45
192.168.1.137,Down,2026-06-06 18:31:48
192.168.1.138,Down,2026-06-06 18:31:51
192.168.1.139,Down,2026-06-06 18:31:54
192.168.1.140,Down,2026-06-06 18:31:57
192.168.1.141,Down,2026-06-06 18:32:00
192.168.1.142,Down,2026-06-06 18:32:03
192.168.1.143,Down,2026-06-06 18:32:06
192.168.1.144,Down,2026-06-06 18:32:09
192.168.1.145,Up,2026-06-06 18:32:10
192.168.1.146,Down,2026-06-06 18:32:13
192.168.1.147,Down,2026-06-06 18:32:16
192.168.1.148,Down,2026-06-06 18:32:19
192.168.1.149,Down,2026-06-06 18:32:22
192.168.1.150,Down,2026-06-06 18:32:25
192.168.1.151,Down,2026-06-06 18:32:28
192.168.1.152,Down,2026-06-06 18:32:31
192.168.1.153,Down,2026-06-06 18:32:34
192.168.1.154,Down,2026-06-06 18:32:37
192.168.1.155,Down,2026-06-06 18:32:40
192.168.1.156,Down,2026-06-06 18:32:43
192.168.1.157,Down,2026-06-06 18:32:47
192.168.1.158,Down,2026-06-06 18:32:50
192.168.1.159,Down,2026-06-06 18:32:53
192.168.1.160,Up,2026-06-06 18:32:53
192.168.1.161,Down,2026-06-06 18:32:56
192.168.1.162,Down,2026-06-06 18:32:59
192.168.1.163,Down,2026-06-06 18:33:02
192.168.1.164,Down,2026-06-06 18:33:05
192.168.1.165,Down,2026-06-06 18:33:08
192.168.1.166,Down,2026-06-06 18:33:11
192.168.1.167,Down,2026-06-06 18:33:15
192.168.1.168,Down,2026-06-06 18:33:18
192.168.1.169,Down,2026-06-06 18:33:21
192.168.1.170,Down,2026-06-06 18:33:24
192.168.1.171,Down,2026-06-06 18:33:27
192.168.1.172,Down,2026-06-06 18:33:30
192.168.1.173,Down,2026-06-06 18:33:33
192.168.1.174,Down,2026-06-06 18:33:36
192.168.1.175,Down,2026-06-06 18:33:39
192.168.1.176,Down,2026-06-06 18:33:42
192.168.1.177,Down,2026-06-06 18:33:45
192.168.1.178,Down,2026-06-06 18:33:48
192.168.1.179,Down,2026-06-06 18:33:51
192.168.1.180,Down,2026-06-06 18:33:54
192.168.1.181,Down,2026-06-06 18:33:58
192.168.1.182,Down,2026-06-06 18:34:01
192.168.1.183,Down,2026-06-06 18:34:04
192.168.1.184,Down,2026-06-06 18:34:07
192.168.1.185,Down,2026-06-06 18:34:10
192.168.1.186,Down,2026-06-06 18:34:13
192.168.1.187,Down,2026-06-06 18:34:16
192.168.1.188,Down,2026-06-06 18:34:19
192.168.1.189,Down,2026-06-06 18:34:22
192.168.1.190,Down,2026-06-06 18:34:25
192.168.1.191,Down,2026-06-06 18:34:28
192.168.1.192,Down,2026-06-06 18:34:31
192.168.1.193,Down,2026-06-06 18:34:34
192.168.1.194,Down,2026-06-06 18:34:37
192.168.1.195,Down,2026-06-06 18:34:41
192.168.1.196,Down,2026-06-06 18:34:44
192.168.1.197,Down,2026-06-06 18:34:47
192.168.1.198,Down,2026-06-06 18:34:50
192.168.1.199,Down,2026-06-06 18:34:53
192.168.1.200,Down,2026-06-06 18:34:56
192.168.1.201,Down,2026-06-06 18:34:59
192.168.1.202,Down,2026-06-06 18:35:02
192.168.1.203,Down,2026-06-06 18:35:05
192.168.1.204,Down,2026-06-06 18:35:08
192.168.1.205,Down,2026-06-06 18:35:11
192.168.1.206,Down,2026-06-06 18:35:14
192.168.1.207,Down,2026-06-06 18:35:17
192.168.1.208,Down,2026-06-06 18:35:20
192.168.1.209,Down,2026-06-06 18:35:24
192.168.1.210,Down,2026-06-06 18:35:27
192.168.1.211,Down,2026-06-06 18:35:30
192.168.1.212,Down,2026-06-06 18:35:33
192.168.1.213,Down,2026-06-06 18:35:36
192.168.1.214,Up,2026-06-06 18:35:36
192.168.1.215,Down,2026-06-06 18:35:39
192.168.1.216,Down,2026-06-06 18:35:42
192.168.1.217,Down,2026-06-06 18:35:45
192.168.1.218,Down,2026-06-06 18:35:48
192.168.1.219,Down,2026-06-06 18:35:51
192.168.1.220,Down,2026-06-06 18:35:54
192.168.1.221,Down,2026-06-06 18:35:57
192.168.1.222,Down,2026-06-06 18:36:00
192.168.1.223,Down,2026-06-06 18:36:03
192.168.1.224,Down,2026-06-06 18:36:07
192.168.1.225,Down,2026-06-06 18:36:10
192.168.1.226,Down,2026-06-06 18:36:13
192.168.1.227,Down,2026-06-06 18:36:16
192.168.1.228,Down,2026-06-06 18:36:19
192.168.1.229,Up,2026-06-06 18:36:19
192.168.1.230,Down,2026-06-06 18:36:22
192.168.1.231,Down,2026-06-06 18:36:25
192.168.1.232,Down,2026-06-06 18:36:29
192.168.1.233,Down,2026-06-06 18:36:32
192.168.1.234,Down,2026-06-06 18:36:35
192.168.1.235,Down,2026-06-06 18:36:38
192.168.1.236,Down,2026-06-06 18:36:41
192.168.1.237,Down,2026-06-06 18:36:44
192.168.1.238,Down,2026-06-06 18:45:04
192.168.1.239,Down,2026-06-06 18:45:07
192.168.1.240,Down,2026-06-06 18:45:10
192.168.1.241,Down,2026-06-06 18:45:13
192.168.1.242,Down,2026-06-06 18:45:16
192.168.1.243,Down,2026-06-06 18:45:19
192.168.1.244,Up,2026-06-06 18:45:20
192.168.1.245,Down,2026-06-06 18:45:23
192.168.1.246,Down,2026-06-06 18:45:26
192.168.1.247,Down,2026-06-06 18:45:29
192.168.1.248,Down,2026-06-06 18:45:32
192.168.1.249,Up,2026-06-06 18:45:33
192.168.1.250,Down,2026-06-06 18:45:36
192.168.1.251,Down,2026-06-06 18:45:39
192.168.1.252,Down,2026-06-06 18:45:42
192.168.1.253,Down,2026-06-06 18:45:45
192.168.1.254,Up,2026-06-06 18:45:45
